id_fake_news,information,veracite,explication_resume,explication_details_lien
1,"Ce prêtre a-t-il été agressé à Avignon en février 2017, sans que les médias n'en parlent ?",FAUX,"La rumeur fait référence à une vraie agression, mais qui date de mai 2013. Les faits ont alors été largement évoqués par de nombreux médias régionaux et nationaux.",http://www.lemonde.fr/les-decodeurs/article/2017/02/27/des-militants-denoncent-l-omerta-des-medias-sur-l-agression-d-un-pretre-a-avignon-qui-date-de-2013_5086287_4355770.html
2,Emmanuel Macron a-t-il déclaré vouloir faire payer un loyer aux propriétaires ?,FAUX,"Il s'agit d'un article du site parodique BuzzBeed. En réalité, la mesure ne figure pas au programme du candidat. ",https://crosscheck.firstdraftnews.com/checked-french/macron-a-t-il-declare-vouloir-faire-payer-un-loyer-aux-proprietaires
3,Ce pompier a-t-il eu « l’œil crevé par une racaille » ?,FAUX,"Cette rumeur qui a circulé en février 2017 est une présentation erronée de faits datant de fin 2013. En réalité, le pompier dont il est question ici a été blessé par un tir de policier lors d'une manifestation.",http://www.lemonde.fr/les-decodeurs/article/2017/02/28/l-intox-du-pompier-a-l-il-creve-par-la-racaille_5086948_4355770.html
4,Un élu PS a-t-il été relaxé après un excès de vitesse en 2017 dans le cadre d'un traîtement de faveur ?,FAUX,"Contrairement à ce que laisse entendre la rumeur, les faits remontent à 2014. Par ailleurs, il ne s'agissait pas d'un traitement de faveur mais d'un vice de procédure.",http://www.lemonde.fr/les-decodeurs/article/2017/03/01/intox-en-serie-sur-des-pages-facebook-d-extreme-droite_5087453_4355770.html
5,Les médias ont-ils caché l'affaire des « frais de bouche » d'Emmanuel Macron ? ,FAUX,"Contrairement à ce que les rumeurs qui circulent en ligne affirment, ce sont au contraire des journalistes qui ont évoqué ces faits en premier dans un livre, information largement reprise dans la presse.",http://www.lemonde.fr/les-decodeurs/article/2017/03/01/intox-en-serie-sur-des-pages-facebook-d-extreme-droite_5087453_4355770.html
6,Najat Vallaud-Belkacem a-t-elle dit en 2006 : « Il faudrait que l’éducation nationale instaure dans ses programmes les principes coraniques » ?,FAUX,"Cette citation est fausse, Najat Vallaud-Belkacem n'a jamais tenu ces propos. ",http://www.lemonde.fr/les-decodeurs/article/2015/05/04/nouvelle-intox-visant-najat-vallaud-belkacem_4627179_4355770.html
7,"En Russie, l’ambassadeur américain a t-il participé à une manifestation en faveur d’un opposant à Vladimir Poutine ?",FAUX,L'affirmation se base sur un photomontage.,https://crosscheck.firstdraftnews.com/checked-french/en-russie-lambassadeur-americain-a-t-il-participe-a-une-manifestation-en-faveur-dun-opposant-a-vladimir-poutine/
8,Marine Le Pen a-t-elle tweeté sur le dessin animé Masha et Michka ?,FAUX,Il s'agit en réalité d'un faux tweet.,https://crosscheck.firstdraftnews.com/checked-french/marine-le-pen-a-t-elle-tweete-sur-le-dessin-anime-masha-et-michka/
9,François Fillon a-t-il annoncé le retrait de sa candidature le 1er mars 2017 ? ,FAUX,La fausse information est venue d'un faux compte Twitter.,https://crosscheck.firstdraftnews.com/checked-french/un-faux-compte-annonce-le-retrait-de-la-candidature-de-francois-fillon/
10,Edward Snowden a-t-il affirmé que des êtres vivants humanoïdes vivent secrètement sous le manteau de la Terre ? ,FAUX,Il s'agit d'une invention d'un site parodique américain.,http://www.lemonde.fr/les-decodeurs/article/2017/03/02/revelations-de-snowden-sur-des-humanoides-vivant-sous-terre-du-canular-a-la-fausse-info_5088163_4355770.html
11,La campagne d'Emmanuel Macron est-elle financée à plus de 30 % par l'Arabie Saoudite ?,FAUX,"La fausse affirmation se basait sur une citation imaginaire d'un membre du parti socialiste belge, diffusée sur un site trompeur, LeSoir.Info qui usurpait l'identité du site belge LeSoir.be.",http://www.lemonde.fr/les-decodeurs/article/2017/03/02/macron-finance-par-l-arabie-saoudite-une-intox-massivement-relayee-par-l-extreme-droite_5088356_4355770.html
12,Ce reportage de BFMTV à Villers-Cotterêts partagé sur Facebook est-il l’original ?,FAUX,Deux passages du reportage ont été supprimés pour qu'il soit plus flatteur pour le maire FN de Villers-Cotterêts.,https://crosscheck.firstdraftnews.com/checked-french/reportage-bfmtv-manipule/
13,Ce policier blessé par un pavé est-il français ?,FAUX,"Il ne s'agit pas d'une photo prise en France, mais lors d'une manifestation antigouvernementale en Thaïlande.",https://crosscheck.firstdraftnews.com/checked-french/ce-policier-blesse-par-un-pave-est-il-francais/
14,40 000 migrants dorment-ils toutes les nuits à l’hôtel ?,FAUX,"La statistique invoquée dit qu'il y a 37 950 places dans des hôtels qui étaient ouvertes aux personnes sans domicile fixe en 2015 en France, toutes origines confondues.",https://crosscheck.firstdraftnews.com/checked-french/40-000-migrants-dorment-ils-toutes-les-nuits-lhotel/
15,Cette vidéo montre-t-elle François Hollande hué au salon de l'Agriculture en 2017 ?,FAUX,"Les images datent en réalité de 2016 et avaient été, à l'époque, largement relayées par la presse.",http://www.lemonde.fr/les-decodeurs/article/2017/03/01/intox-en-serie-sur-des-pages-facebook-d-extreme-droite_5087453_4355770.html
16,77 000 logements HLM attribués aux migrants ?,FAUX,Il s'agit d'une déformation de ce qui n'était qu'une proposition consistant à attribuer «une partie» de ces 77 310 logements sociaux durablement vides en France.,http://www.lemonde.fr/les-decodeurs/article/2015/09/16/non-77-000-logements-sociaux-ne-vont-pas-etre-attribues-aux-refugies_4758934_4355770.html
17,71 % des médecins estiment-ils que « les problèmes de santé de Hillary Clinton sont sérieux » ?,FAUX,"Le sondage était orienté et peu fiable, n'étant pas basé sur le dossier médical de l'intéressée.",http://www.lemonde.fr/les-decodeurs/article/2016/09/09/les-invraisemblables-intox-sur-la-sante-de-hillary-clinton_4995400_4355770.html
18,La mort de Hillary Clinton imminente ?,FAUX,"Des rumeurs ont circulé sur la soi-disante mort prochaine de la candidate en 2015 et 2016, mais elles ont été démenties par les faits.",http://www.lemonde.fr/les-decodeurs/article/2016/09/09/les-invraisemblables-intox-sur-la-sante-de-hillary-clinton_4995400_4355770.html
19,"Hillary Clinton, atteinte d'épilepsie et de démence ?",FAUX,"Cet article cite un faux rapport attribué à tort à la médecin de Hillary Clinton, Lisa R. Bardack.",http://www.lemonde.fr/les-decodeurs/article/2016/09/09/les-invraisemblables-intox-sur-la-sante-de-hillary-clinton_4995400_4355770.html
20,Le pic de pollution en France de début décembre 2016 venait-il des centrales à charbon allemandes ?,FAUX,Les experts s'accordent à dire que cette épisode de pollution aux particules fines venait majoritairement des émissions locales.,http://www.lemonde.fr/les-decodeurs/article/2016/12/12/le-pic-de-pollution-n-est-pas-venu-des-centrales-a-charbon-allemandes_5047702_4355770.html
21,"Marine Le Pen a-t-elle dit : « Hitler a fait moins de dégâts en France que Hollande, dans le même laps de temps » ?",FAUX,Il s'agit d'une fausse information inventée par un site trompeur.,http://www.lemonde.fr/les-decodeurs/article/2016/11/28/la-fausse-citation-de-marine-le-pen-sur-francois-hollande-et-hitler_5039607_4355770.html
22,Un sapin de Noël massacré en France ou en Suède par des musulmans ? ,FAUX,"La vidéo, sortie de son contexte, a été tournée lors des fêtes de Noël 2015 au Caire.",http://www.lemonde.fr/les-decodeurs/article/2016/11/16/la-fausse-histoire-du-sapin-de-noel-massacre-par-des-musulmans_5032248_4355770.html
23,Y a-t-il 93 % de Français prêts à voter Marine Le Pen ?,FAUX,Il s'agit d'un sondage non représentatif réalisé auprès de lecteurs d'un site d'extrême droite.,http://www.lemonde.fr/les-decodeurs/article/2016/12/08/93-des-francais-prets-a-voter-marine-le-pen-itineraire-d-une-intox-d-extreme-droite_5045773_4355770.html
24,Des migrants « nourris et blanchis » avec 1 481 euros par mois en Gironde ?,FAUX,Il s'agit d'une fausse information véhiculée par des mouvements d'extrême droite locaux.,http://www.lemonde.fr/les-decodeurs/article/2016/10/20/l-intox-des-migrants-nourris-et-blanchis-avec-1-481-euros-par-mois-en-gironde_5017633_4355770.html
25,Un couple de clandestins peut-il gagner 3 000 euros par mois sans travailler ?,FAUX,"L'histoire, non sourcée, ne tient pas debout.",http://www.lemonde.fr/les-decodeurs/article/2016/10/10/l-intox-du-couple-de-clandestins-qui-toucherait-3-000-euros-d-aide-sociale_5011330_4355770.html
26,Va-t-il y avoir une taxe sur les jardins potagers ?,FAUX,Il s'agit d'une rumeur partie d'un site parodique.,http://www.lemonde.fr/les-decodeurs/article/2016/08/18/la-fausse-taxe-sur-les-jardins-potagers-est-partie-d-un-site-parodique_4984554_4355770.html
27,William Saurin finance-t-il l’islam avec son cassoulet 100 % volaille ?,FAUX,"Les produits mentionnés ne sont pas halal, et la taxe mentionnée est imaginaire.",http://www.lemonde.fr/les-decodeurs/article/2017/03/09/non-william-saurin-ne-finance-pas-l-islam-avec-son-cassoulet-100-volaille_5092244_4355770.html
28,Barack Obama est-il né au Kenya ?,FAUX,Le certificat diffusé par le demi-frère de l'ex-président est un faux.,http://www.lemonde.fr/les-decodeurs/article/2017/03/13/le-faux-certificat-de-naissance-de-barack-obama-au-kenya_5093764_4355770.html
29,Cette carte illustre-t-elle les heurts avec la police de ces dernières semaines ?,FAUX,"La carte, qui date de 2005, a été sortie de son contexte.",https://crosscheck.firstdraftnews.com/checked-french/carte-heurts-police/
30,"L’État va-t-il racheter des hôtels pour loger des migrants avec de l’argent européen ?
",FAUX,Le site La gauche m'a tuer a en réalité mélangé deux informations distinctes sous une présentation trompeuse.,https://crosscheck.firstdraftnews.com/checked-french/hotels-migrants-europe/
31,L’État français va-t-il instaurer des jours fériés pour les fêtes musulmanes et juives ?,FAUX,"Il ne s'agit que d'une proposition du think tank Terra Nova, non reprise par le gouvernement. Elle n'a donc rien d'une décision officielle, ni même d'un projet en cours du gouvernement.",http://www.lemonde.fr/le-blog-du-decodex/article/2017/07/05/l-annuaire-des-fausses-informations-du-decodex_5156215_5095029.html#episode_letat-francais-va-t-il-instaurer-des-jours-feries-pour-les-fetes-musulmanes-et-juives
32,"La chaîne C8 a-t-elle manipulé un reportage sur le Front national ?
",FAUX,L'accusation relayée par des cadres du FN étaient basée sur de fausses informations.,https://crosscheck.firstdraftnews.com/checked-french/la-chaine-c8-t-elle-manipule-un-reportage-sur-le-front-national/
33,Emmanuel Macron veut-il faire payer une nouvelle taxe aux propriétaires ?,FAUX,L'affirmation du site Cyceon ne se base sur aucune information. Le projet ne figure pas au programme du candidat et a été démenti par son équipe.,http://www.lemonde.fr/les-decodeurs/article/2017/03/17/non-emmanuel-macron-ne-veut-pas-faire-payer-un-loyer-aux-proprietaires_5096488_4355770.html
34,L'argent liquide va-t-il disparaître en 2018 ?,FAUX,Il s'agit d'une déformation d'un document de la Commission européenne.,http://www.lemonde.fr/les-decodeurs/article/2017/03/20/non-l-argent-liquide-ne-va-pas-disparaitre-en-2018_5097798_4355770.html
35,"Cette vidéo montre-t-elle un étranger frappant deux employées d’hôpital en France ?
",FAUX,Il s'agit d'une vidéo tournée en Russie.,https://crosscheck.firstdraftnews.com/checked-french/etranger-hopital-agression/
36,Cette photo de réfugiés a-t-elle été prise le 17 mars à la frontière franco-italienne ?,FAUX,"La photo partagée date en fait du 18 septembre 2015 et a été prise par un photographe de l’agence Reuters près d’Edirne, en Turquie.",https://crosscheck.firstdraftnews.com/checked-french/migrants-frontiere-italienne/
37,Cette vidéo montre-t-elle des débordements à Paris le 19 mars ?,FAUX,C'est une vidéo qui montre une manifestation de taxis en janvier 2016.,http://www.lemonde.fr/les-decodeurs/article/2017/03/20/une-video-manipulee-fait-croire-a-des-debordements-a-paris-dimanche-19-mars_5097809_4355770.html
38,"Le gouvernement veut-il donner le droit de vote aux “criminels emprisonnés, djihadistes inclus” ?",FAUX,Le gouvernement souhaite simplement expérimenter aux législatives de 2017 la possibilité de voter dans les prisons pour les détenus qui ne sont pas déchus de leur droit de vote. Rien ne changera pour les détenus dont le droit de vote a été retiré.,https://crosscheck.firstdraftnews.com/checked-french/gouvernement-vote-criminels-djihadistes/
39,Emmanuel Macron a-t-il fait un cadeau fiscal de 14 milliards d'euros à Patrick Drahi ? ,FAUX,Le qualificatif de cadeau fiscal tout comme le montant évoqué de 14 milliards d'euros ne se basent sur aucun fait.,http://www.lemonde.fr/les-decodeurs/article/2017/04/03/comment-des-sites-d-extreme-droite-fabriquent-un-recit-alternatif-de-la-presidentielle_5105207_4355770.html
40,Les tombes juives du cimetière de Pantin ont-elles été profanées ?,FAUX,Il s'agissait en fait d'un accident : un camion a fini sa course dans la carré juif du cimetière pour éviter une collision avec une voiture.,https://crosscheck.firstdraftnews.com/checked-french/cimetiere-juif-profanation/
41,L’Hôtel de la Marine va-t-il être converti en musée de l’esclavage?,FAUX,"Le futur objet du lieu n'a pas encore été défini, mais la direction du Centre des monuments nationaux assure qu'il ne s'agira pas d'un musée de l'esclavage.",https://crosscheck.firstdraftnews.com/checked-french/musee-esclavage-marine/
42,La mairie de Paris va-t-elle remplacer le phare breton du XVe par des logements pour migrants ?,FAUX,"Il s'agit d'une résidence qui accueille des étudiants, jeunes travailleurs et des travailleurs migrants.",https://crosscheck.firstdraftnews.com/checked-french/maire-phare-migrants-breton/
43,Les premiers résultats d'enquête de l'ONU sur l'attaque chimique de Khan Cheikhoun en 2017 incriminent-ils les rebelles syriens ?,FAUX,"Il s'agit d'une déformation d'analyses concernant d'autres faits publiées en 2013, qui n'ont rien à voir avec cette situation.",http://www.lemonde.fr/les-decodeurs/article/2017/04/12/bombardement-chimique-de-khan-cheikhoun-en-syrie-les-intox-a-l-epreuve-des-faits_5110175_4355770.html
44,L'attaque de Khan Cheikhoun en 2017 est-elle le résultat du bombardement de stocks d'armes chimiques et pas de bombardements chimiques ? ,FAUX,"Il s'agit de la version officielle syrienne, largement démentie par les faits.",http://www.lemonde.fr/les-decodeurs/article/2017/04/12/bombardement-chimique-de-khan-cheikhoun-en-syrie-les-intox-a-l-epreuve-des-faits_5110175_4355770.html
45,François Fillon a-t-il été blanchi ? ,FAUX,"En réalité, le candidat reste mis en examen pour détournement de fonds publics, complicité et recel de détournement de fonds publics, complicité et recel d’abus de bien sociaux et manquements aux obligations de déclaration à la Haute Autorité pour la transparence de la vie publique.",http://www.lemonde.fr/les-decodeurs/article/2017/04/13/la-curieuse-theorie-qui-veut-faire-croire-que-francois-fillon-a-ete-blanchi_5110844_4355770.html
46,La tombe de Jean Marais a-t-elle d’être pillée dans l’indifférence médiatique en 2017 ?,FAUX,Les faits datent de janvier 2016 et ont été relayés par de nombreux médias à l'époque.,https://crosscheck.firstdraftnews.com/checked-french/tombe-marais-pillage/
47,Philippe Poutou dans un salon VIP d'Air France ? ,FAUX,"Cette image circule sur les réseaux sociaux, mais l'entourage du candidat du NPA dément qu'il s'agisse d'un « salon VIP ».",http://www.lemonde.fr/election-presidentielle-2017/live/2017/04/14/suivez-l-actualite-politique-en-direct_5111106_4854003.html?highlight=839947109
48,Najat Vallaud Belkacem souhaite-t-elle supprimer la philosophie en filières L et ES ?,FAUX,"C'était une erreur au journal officiel en 2015, rectifiée deux jours plus tard.",https://crosscheck.firstdraftnews.com/checked-french/suppression-philosophie-lycee/
49,Jean-Luc Mélenchon veut-il interdire le porc dans les cantines scolaires  ?,FAUX,Il veut simplement proposer des menus végétariens.,http://www.lemonde.fr/les-decodeurs/article/2017/04/18/non-melenchon-ne-veut-pas-interdire-le-porc-dans-les-cantines_5113059_4355770.html
50,Cet article donne-t-il les résultats de la présidentielle 2017 ?,FAUX,"Il s'agit d'une invention de Wikistrike, le vote électronique est impossible pour la présidentielle, les résultats présentés sont donc forcément faux.",http://www.lemonde.fr/les-decodeurs/article/2017/04/21/etudes-bidons-rumeurs-boules-puantes-le-grand-n-importe-quoi-de-fin-de-campagne_5115237_4355770.html
51,Le Canard Enchaîné a-t-il censuré une enquête sur un compte offshore d'Emmanuel Macron ?,FAUX,L'article qui lance cette rumeur n'a aucune source et l'hebdomadaire satirique dément l'information.,http://www.lemonde.fr/les-decodeurs/article/2017/04/21/etudes-bidons-rumeurs-boules-puantes-le-grand-n-importe-quoi-de-fin-de-campagne_5115237_4355770.html
52,François Asselineau est-il donné gagnant au premier tour dans un sondage ?,FAUX,"Il s'agit d'une étude réalisée avec le vote des internautes, qu'on ne peut qualifier de sondage et n'a aucune valeur scientifique.",http://www.lemonde.fr/les-decodeurs/article/2017/04/21/etudes-bidons-rumeurs-boules-puantes-le-grand-n-importe-quoi-de-fin-de-campagne_5115237_4355770.html
53,Faut-il se fier aux prévisions de « Predicto » ?,FAUX,Il s'agit d'une étude réalisée à partir du « bruit » sur les réseaux sociaux qu'on ne peut qualifier de sondage et n'a aucune valeur scientifique.,http://www.lemonde.fr/les-decodeurs/article/2017/04/21/etudes-bidons-rumeurs-boules-puantes-le-grand-n-importe-quoi-de-fin-de-campagne_5115237_4355770.html
54,Emmanuel Macron s'est-il lavé les mains après avoir rencontré des travailleurs ? ,FAUX,"Emmanuel Macron se lavait en réalité les mains après avoir touché une anguille. Par ailleurs, il n'a jamais dit se sentir  « sale » après avoir serré la main d'un « pauvre », il s'agit d'un article satirique du site Le Gorafi.",http://www.lemonde.fr/les-decodeurs/article/2017/04/27/macron-et-les-mains-sales-des-ouvriers-l-intox-qui-a-entache-l-image-du-candidat_5118677_4355770.html
55,Emmanuel Macron veut-il exonérer les multimillionnaires de taxes sur le capital ? ,FAUX,Les projets du candidat ont en réalité été présenté de manière trompeuse.,http://www.lemonde.fr/les-decodeurs/article/2017/04/26/non-emmanuel-macron-ne-veut-pas-exonerer-les-multimillionnaires-de-taxes-sur-le-capital_5118161_4355770.html
56,Jean-Luc Mélenchon et Marine Le Pen sont-ils autant d'accords que le dit ce tract militant ? ,FAUX,Nous avons relevé de nombreuses erreurs et imprécisions.,http://www.lemonde.fr/les-decodeurs/article/2017/04/26/un-trac-fn-de-supposes-points-communs-pour-recuperer-les-electeurs-de-melenchon_5117895_4355770.html
57,Emmanuel Macron veut-il faire rentrer la Turquie dans l'Union européenne ? ,FAUX,"C'est faux, le candidat n'a jamais soutenu une telle mesure.",https://crosscheck.firstdraftnews.com/checked-french/macron-turquie-ue/
58,Emmanuel Macron veut-il supprimer les allocations familiales ? ,FAUX,"C'est faux, le candidat n'a jamais soutenu une telle mesure.",http://www.lemonde.fr/le-blog-du-decodex/article/2017/07/05/l-annuaire-des-fausses-informations-du-decodex_5156215_5095029.html#episode_emmanuel-macron-veut-il-supprimer-les-allocations-familiales
59,Ce compte Twitter est-il celui de Brigitte Macron ? ,FAUX,Faux : il s'agissait d'un compte Twitter qui usurpait l'identité de la candidate et a été fermé depuis.,http://www.lemonde.fr/les-decodeurs/article/2017/05/02/le-sondage-de-brigitte-macron-moque-par-l-extreme-droite-venait-d-un-faux-profil_5120985_4355770.html
60,Des militants d'En marche ! ont-ils appelé à tuer Marine Le Pen par SMS ? ,FAUX,Il s'agissait de faux SMS relayés par des cadres du FN.,http://www.lemonde.fr/les-decodeurs/article/2017/05/05/des-cadres-du-fn-diffusent-de-faux-sms-pour-accuser-des-militants-d-en-marche_5123266_4355770.html
61,Philippe Poutou a-t-il joué dans un film X de Jacquie et Michel ?,FAUX,"Il s'agit d'un canular d'un site parodique, Secret News.",http://www.lemonde.fr/le-blog-du-decodex/article/2017/07/05/l-annuaire-des-fausses-informations-du-decodex_5156215_5095029.html#episode_philippe-poutou-a-t-il-joue-dans-un-film-x-de-jacquie-et-michel
62,Najat Vallaud-Belkacem obligera-t-elle tous les élèves à suivre le Radaman dès 2017 ?,FAUX,Il s'agit d'un canular du site belge Nordpresse.,http://www.lemonde.fr/le-blog-du-decodex/article/2017/07/05/l-annuaire-des-fausses-informations-du-decodex_5156215_5095029.html#episode_najat-vallaud-belkacem-obligera-t-elle-tous-les-eleves-a-suivre-le-radaman-des-2017
63,Emmanuel Macron veut-il supprimer les aides au logement pour les étudiants ? ,FAUX,La mesure ne figure pas à son programme et n'a jamais été annoncée par le candidat ou ses équipes. ,http://www.20minutes.fr/politique/2065275-20170510-emmanuel-macron-victime-fausse-nouvelle-apl-bourses-etudiantes
64,François Hollande a-t-il fait construire à Tulle une mosquée financée par l'argent public ? ,FAUX,Les articles qui ont circulé sur les réseaux sociaux depuis 2015 ont largement déformé les faits.,http://www.lemonde.fr/les-decodeurs/article/2015/02/10/rumeurs-et-fausses-informations-autour-d-un-projet-de-mosquee-a-tulle_4573443_4355770.html
65,"Le corossol, également appelé graviola, est-il un « fruit miracle anti-cancer » ? ",FAUX,Aucune étude ne valide cette thèse et les spécialistes mettent en garde contre les théories qui visent à faire croire qu'un aliment miracle pourrait faire guérir du cancer.,http://www.lemonde.fr/le-blog-du-decodex/article/2017/07/05/l-annuaire-des-fausses-informations-du-decodex_5156215_5095029.html#episode_le-corossol-est-il-un-fruit-miracle-anti-cancer
66,L'Europe a-t-elle interdit le camembert « fabriqué en Normandie » ?,FAUX,Il s'agit d'une fausse information relayée notamment par des personnalités d'extrême droite.,http://www.lemonde.fr/les-decodeurs/article/2017/05/19/non-l-europe-n-a-pas-interdit-le-camembert-fabrique-en-normandie_5130706_4355770.html
67,Y a-t-il 7 millions d'Algériens en France ?,FAUX,"L’extrême droite a accusé fin 2016 un sondage de largement sous-estimer le nombre de musulmans en France, avec de faux arguments.",http://www.lemonde.fr/les-decodeurs/article/2016/09/22/la-fausse-rumeur-des-7-millions-d-algeriens-en-france_5001751_4355770.html
68,Les vaccins peuvent-ils causer l'autisme ? ,FAUX,"Il n’y a aucune relation entre les troubles autistiques et les vaccins, comme l’ont prouvé au moins cinq études scientifiques indépendantes depuis 1998.",http://www.lemonde.fr/les-decodeurs/article/2016/09/16/idee-recue-n-2-les-vaccins-peuvent-causer-l-autisme_4998678_4355770.html
69,Slobodan Milosevic a-t-il été blanchi par le Tribunal pénal international ? ,FAUX,"C'est faux, comme nous l'a expliqué le Tribunal pénal international.",http://www.lemonde.fr/les-decodeurs/article/2016/08/24/non-slobodan-milosevic-n-a-pas-ete-blanchi-par-le-tribunal-penal-international_4987414_4355770.html
70,Y a-t-il des « preuves » de tortures d'otages au Bataclan ?,FAUX,La rumeur est largement démentie par les faits.,http://www.lemonde.fr/les-decodeurs/article/2016/07/18/non-il-n-y-a-aucune-preuve-de-tortures-au-bataclan_4971370_4355770.html
71,McDonald’s fournit-il des cantines scolaires ? ,FAUX,Il s'agit en réalité d'une blague qui a par la suite été prise au sérieux.,http://www.lemonde.fr/les-decodeurs/article/2016/07/07/mcdonald-s-fournit-des-cantines-scolaires-l-histoire-d-un-canular-pris-au-serieux_4965636_4355770.html
72,Les pommes industrielles sont-elles enduites de cire toxique en France ? ,FAUX,Des messages alarmistes qui circulent sur les réseaux sociaux font beaucoup de raccourcis.,http://www.lemonde.fr/les-decodeurs/article/2016/06/08/les-approximations-d-un-post-facebook-qui-alerte-sur-les-pommes-et-les-produits-toxiques_4943321_4355770.html
73,Existe-t-il un excédent caché de la Sécurité sociale de 9 milliards d'euros ? ,FAUX,"Il s'agit d’une chaîne d’e-mails qui piège des internautes depuis des années, malgré les démentis.",http://www.lemonde.fr/les-decodeurs/article/2016/04/26/les-fausses-informations-de-l-e-mail-choc-qui-veut-dire-la-verite-sur-le-trou-de-la-secu_4908933_4355770.html
74,Peut-on protéger ses données sur Facebook en publiant un message sur son profil ? ,FAUX,Les messages de ce type n'ont en réalité aucune valeur juridique.,http://www.lemonde.fr/les-decodeurs/article/2016/07/01/les-messages-pour-proteger-son-profil-facebook-sont-de-retour-mais-toujours-inutiles_4961943_4355770.html
75,Facebook va-il devenir payant ? ,FAUX,Le réseau social a toujours assuré qu'il resterait gratuit.,https://www.facebook.com/hoaxbuster/posts/10151676322928648
76,9 000 bébés ont-ils été échangés par une infirmière dans des maternités françaises ? ,FAUX,"Il s'agit en réalité d'une histoire inventée par Secret News, un site parodique.",http://www.lemonde.fr/les-decodeurs/article/2017/06/12/la-fausse-histoire-des-9-000-bebes-echanges-par-une-infirmiere-dans-des-maternites-francaises_5143267_4355770.html
77,Le maillot du FC Barcelone est-il interdit en Arabie saoudite ou aux Emirats arabes unis ? ,FAUX,L'information est démentie par le club et par les ambassades d'Arabie saoudite et des Emirats arabes unis en France.,http://www.lemonde.fr/les-decodeurs/article/2017/06/13/non-porter-le-maillot-du-fc-barcelone-n-est-pas-puni-de-quinze-ans-de-prison-en-arabie-saoudite_5143780_4355770.html
78,Gérard Collomb a-t-il annoncé que le port du hijab serait bientôt autorisé dans la police nationale ? ,FAUX,"Il s'agit d'une fausse citation inventée par le site satirique Secret News, reprise ensuite au premier degré par d'autres sites internet.",http://www.lemonde.fr/le-blog-du-decodex/article/2017/07/05/l-annuaire-des-fausses-informations-du-decodex_5156215_5095029.html#episode_gerard-collomb-a-t-il-annonce-que-le-port-du-hijab-serait-bientot-autorise-dans-la-police-nationale
79,Les fonctionnaires européens ont-ils droit à la retraite à 50 ans à 9 000 euros par mois ?  ,FAUX,"Les fonctionnaires européens ont droit à la retraite après dix ans de service s'ils ont plus de 66 ans. Quant au montant des pensions, il dépend de l'ancienneté mais est loin des 9 000 euros annoncés.",http://www.lemonde.fr/les-decodeurs/article/2014/05/12/non-les-fonctionnaires-europeens-ne-partent-pas-en-retraite-a-50-ans_4415123_4355770.html
80,Des gangs utilisent-ils des petits garçons ou petites filles pour enlever des femmes ? ,FAUX,"Cette soi-disante alerte enlèvement n'a rien d'un message officiel. Il s'agit d'une légende urbaine qui a circulé sous diverses formes depuis 2005 aux Etats-Unis, qui ne se base sur aucun fait avéré. Des sites peu fiables l'ont relayée en France, mais les autorités n'ont jamais diffusé d'avertissement à ce sujet.",http://www.lemonde.fr/le-blog-du-decodex/article/2017/07/05/l-annuaire-des-fausses-informations-du-decodex_5156215_5095029.html#episode_des-gangs-utilisent-ils-des-petits-garcons-ou-petites-filles-pour-enlever-des-femmes
81,A-t-on retrouvé de la viande humaine dans des produits McDonald's aux Etats-Unis ? ,FAUX,Il s'agit d'un canular parti du site satirique américain Huzlers qui a ensuite été pris au sérieux par de nombreux sites peu fiables.,http://www.lemonde.fr/le-blog-du-decodex/article/2017/07/05/l-annuaire-des-fausses-informations-du-decodex_5156215_5095029.html#episode_a-t-on-retrouve-de-la-viande-humaine-dans-des-produits-mcdonalds-aux-etats-unis
82,La taurine contenue dans les boissons énergisantes comme le Red Bull provient-elle du sperme de taureau ? ,FAUX,"Si le Red Bull contient bel et bien de la taurine, la substance est en réalité synthétique et pas d'origine animale.",http://journalmetro.com/opinions/inspecteur-viral/1024775/non-les-boissons-energisantes-ne-contiennent-pas-de-sperme-ou-durine-de-taureau/
83,Une loi va-t-elle forcer les célibataires à accueillir des migrants ?,FAUX,"Il s'agit d'un canular lancé par le site belge Nordpresse, repris ensuite au premier degré par différents sites peu fiables.",http://www.francetvinfo.fr/replay-radio/le-vrai-du-faux-numerique/aucune-loi-ne-va-imposer-l-hebergement-d-un-migrant-chez-les-celibataires_1777089.html
84,Existe-t-il une arnaque répandue consistant à voler des voitures en attirant son conducteur avec un billet glissé sous son essuie-glace ?,FAUX,"Malgré l'existence de nombreux articles relayant cette rumeur, il ne s'agit pas d'une arnaque répandue. Régulièrement montée en épingle depuis 2004, cette légende urbaine tire sa source de très rares cas aux Etats-Unis.",http://www.lemonde.fr/le-blog-du-decodex/article/2017/07/05/l-annuaire-des-fausses-informations-du-decodex_5156215_5095029.html#episode_existe-t-il-une-arnaque-repandue-consistant-a-voler-des-voitures-en-attirant-son-conducteur-avec-un-billet-glisse-sous-son-essuie-glace
85,De la drogue (méthamphétamine) circule-t-elle sous forme de bonbons dans les écoles ?,FAUX,"Il s'agit d'une fausse information persistante qui circule sous diverses formes depuis 2008. Cette rumeur a déjà suscité des pics de panique, notamment en 2010, mais les autorités l'ont toujours démentie.",http://www.leparisien.fr/faits-divers/haute-garonne-afflux-d-appels-a-la-prefecture-apres-un-canular-08-11-2010-1141572.php
86,Existe-t-il une maison close zoophile au Danemark où des chiens sont livrés à la prostitution ? ,FAUX,Il s'agit d'un canular du site parodique Secret News.,http://www.lemonde.fr/le-blog-du-decodex/article/2017/07/05/l-annuaire-des-fausses-informations-du-decodex_5156215_5095029.html#episode_existe-t-il-une-maison-close-zoophile-au-danemark-ou-des-chiens-sont-livrés-à-la-prostitution
87,Un candidat de Fort Boyard a-t-il été retrouvé dans la cellule d'une épreuve 7 ans après y avoir été oublié ?,FAUX,"Il s'agit d'un canular du Gorafi, repris au premier degré par des sites peu scrupuleux.",http://www.lemonde.fr/le-blog-du-decodex/article/2017/07/05/l-annuaire-des-fausses-informations-du-decodex_5156215_5095029.html#episode_un-candidat-de-fort-boyard-at-il-ete-retrouve-dans-la-cellule-dune-epreuve-7-ans-apres-y-avoir-ete-oublie
88,David Douillet a-t-il perçu 32 000 euros par mois de la Fondation des Pièces jaunes et utilisé des véhicules de celle-ci ? ,FAUX,Un rapport de la Cour des comptes de 2010 indique que les administrateurs de la Fondation et ses parrains n'ont pas été rémunérés et n'ont pas bénéficié de véhicules de fonction.,http://www.lemonde.fr/les-decodeurs/article/2017/07/04/intox-sur-les-pretendus-revenus-de-david-douillet-verses-par-les-pieces-jaunes_5155373_4355770.html
89,Est-il interdit de se maquiller ou de manger en voiture depuis le 1er juillet 2017 ?,FAUX,"Le ministère de l’intérieur a dû publier un démenti, alors que des médias avaient publié des informations erronées sur un soudain durcissement du code de la route.",http://www.lemonde.fr/les-decodeurs/article/2017/07/05/non-il-n-est-pas-interdit-de-se-maquiller-ou-de-manger-en-voiture-depuis-le-1er-juillet_5156227_4355770.html
90,Brigitte Macron a-t-elle raconté « l'enfer qu'elle a vécu » ?,FAUX,"Brigitte Macron n'a jamais tenu les propos qui lui sont prêtés. Et pour cause : ils ont été inventés par un site parodique, Secret News, avant d'être relayés par des sites peu fiables.",http://www.lemonde.fr/le-blog-du-decodex/article/2017/07/05/l-annuaire-des-fausses-informations-du-decodex_5156215_5095029.html#episode_brigitte-macron-a-t-elle-raconte-lenfer-quelle-a-vecu
91,Un bébé est-il  trop fragile » pour supporter des vaccins ?,FAUX,"Les différentes études réalisées sur le sujet montrent que les réponses immunitaires des bébés sont loin d'être perturbées par les vaccins. A l'inverse, elles concluent que l'absence de vaccination leur fait courir un danger bien supérieur.",http://www.lemonde.fr/les-decodeurs/article/2017/07/11/antivaccins-des-mensonges-dans-un-debat-legitime_5159187_4355770.html
92,Les parents qui refusent la vaccination iront-ils en prison ?,FAUX,"En théorie, les parents qui ne vaccinent pas leurs enfants sont tout à fait passibles de poursuites. Mais cette loi est très rarement appliquée, encore moins pour des peines de prison ferme.",http://www.lemonde.fr/les-decodeurs/article/2017/07/11/antivaccins-des-mensonges-dans-un-debat-legitime_5159187_4355770.html
93,L'obligation vaccinale est-elle une exception française ?,FAUX,"Il existe en réalité des situations très variables d’un pays à l’autre, avec à chaque fois leurs subtilités. Une chose est certaine : l’affirmation selon laquelle la France serait le seul pays à rendre des vaccins obligatoires relève du mensonge.",http://www.lemonde.fr/les-decodeurs/article/2017/07/11/antivaccins-des-mensonges-dans-un-debat-legitime_5159187_4355770.html
94,Les vaccins sont-ils inutiles ?,FAUX,"Les campagnes de vaccination à travers le monde ont prouvé leur grande efficacité en réduisant grandement l’incidence de nombreuses maladies infectieuses. L’OMS estime que la vaccination évite entre deux et trois millions de morts chaque année, en luttant principalement contre la diphtérie, le tétanos, la coqueluche et la rougeole. ",http://www.lemonde.fr/les-decodeurs/article/2016/09/16/les-vaccins-sont-ils-vraiment-dangereux-pour-la-sante_4998681_4355770.html
95,Les vaccins combinés sont-ils moins sûrs ?,FAUX,"Aucune étude n'accrédite l'hypothèse selon laquelle les vaccins combinés comme l'hexavalent seraient moins sûrs. D'ailleurs, ces nouveaux vaccins contiennent beaucoup moins de molécules antigéniques que ceux qui étaient utilisés dans les années 1970 et 1980 et qui protégeaient contre moins de maladies.",http://www.lemonde.fr/les-decodeurs/article/2017/07/11/antivaccins-des-mensonges-dans-un-debat-legitime_5159187_4355770.html
96,Les bébés européens recevront-ils une puce sous la peau ?,FAUX,"Il s'agit d'une histoire inventée par le site parodique le Jurafi, reprise à tort au premier degré par des sites peu scrupuleux. Contrairement à ce qu'on peut lire sur le sujet depuis des années, les nouveaux-nés européens n'auront donc pas de puce sous la peau prochainement.",http://www.lemonde.fr/le-blog-du-decodex/article/2017/07/05/l-annuaire-des-fausses-informations-du-decodex_5156215_5095029.html#episode_les-bebes-europeens-recevront-ils-une-puce-sous-la-peau
97,La justice européenne a-t-elle reconnu le lien entre sclérose en plaques et hépatite B ? ,FAUX,"La justice européenne s'est prononcée sur une question de forme relative au droit européen. Mais elle ne s’est en aucun cas exprimée spécifiquement sur la controverse autour du vaccin contre l’hépatite B, contrairement à ce qui a pu être écrit par ailleurs. Les études scientifiques, elles, n'établissent pas de lien entre la vaccination contre l'hépatite B et la sclérose en plaques.",http://www.lemonde.fr/les-decodeurs/article/2017/07/12/vaccin-contre-l-hepatite-b-et-sclerose-en-plaques-non-la-justice-europeenne-n-a-pas-reconnu-le-lien_5159670_4355770.html
98,Le dîner entre Emmanuel Macron et Donald Trump à la Tour Eiffel a-t-il coûté 80 000 ou 150 000 euros ? ,FAUX,"Il s'agit d'un canular du site belge nordpresse.be, pris ensuite au premier degré par certains. ",http://www.lemonde.fr/les-decodeurs/article/2017/07/17/la-fausse-addition-a-82-000-euros-du-diner-entre-emmanuel-macron-et-donald-trump_5161675_4355770.html
99,La Suède a-t-elle rejetté l'obligation vaccinale à cause « de graves problèmes de santé » ?,FAUX,"Les députés suédois ont rejetté une mesure visant à rendre la vaccination obligatoire, mais restent favorables aux vaccins et se félicitent que 96 % des enfants de deux ans soient à jour pour les neuf vaccins recommandés dans le pays.",http://www.lemonde.fr/les-decodeurs/article/2017/07/18/non-la-suede-n-a-pas-interdit-les-vaccins-obligatoires-a-cause-de-problemes-de-sante_5162076_4355770.html
100,L'Islande paye-t-elle 4500 euros par mois les hommes qui épouseraient une islandaise ? ,FAUX,"Il s'agit d'un canular relayé notamment sur le site actualite.co, qui sert à fabriquer des blagues de toutes pièces.",http://www.lemonde.fr/le-blog-du-decodex/article/2017/07/05/l-annuaire-des-fausses-informations-du-decodex_5156215_5095029.html#episode_lislande-paye-t-elle-4500-euros-par-mois-les-hommes-qui-epouseraient-une-islandaise
101,Les vaccins sont-ils « contaminés par des nanoparticules toxiques » ?,FAUX,"Certes, des chercheurs ont trouvé des traces de nanoparticules dans des vaccins, mais à des concentrations tellement faibles qu'elles ne mettent pas en cause la sécurité de ceux-ci.",http://www.lemonde.fr/les-decodeurs/article/2017/07/19/les-vaccins-sont-ils-contamines-par-des-nanoparticules-toxiques_5162626_4355770.html
102,La prime de rentrée scolaire va-t-elle être supprimée ?,FAUX,"Il s'agit d'une affirmation mensongère, relayée sans aucune source pour l'accréditer par des sites qui n'ont pas vocation à faire de l'information. Le gouvernement n'a jamais annoncé une telle mesure, l'allocation de rentrée scolaire sera donc versée à la rentrée 2017 aux foyers éligibles.",http://www.lemonde.fr/le-blog-du-decodex/article/2017/07/05/l-annuaire-des-fausses-informations-du-decodex_5156215_5095029.html#episode_la-prime-de-rentree-scolaire-va-t-elle-etre-supprimee-a-la-rentree-2017
103,Est-il vraiment dangereux de briser un flacon de vaccin ?,FAUX,"Il s'agit d'une affirmation mensongère : si les vaccins ne doivent pas être jetés à la poubelle mais en pharmacie, comme le reste des médicaments, c'est simplement pour des raisons environnementales.",http://www.lemonde.fr/les-decodeurs/article/2017/07/20/est-il-vraiment-dangereux-de-briser-un-flacon-de-vaccin_5163061_4355770.html
104,"Le portrait officiel d'Emmanuel Macron va-t-il coûter 2,77 millions d'euros aux mairies ?",FAUX,"Les mairies ne sont pas tenues d'afficher le portrait du président. Par ailleurs, la photographie du président leur est fournie gratuitement et elles peuvent acheter un cadre pour moins de 10 euros.",http://www.lemonde.fr/les-decodeurs/article/2017/07/21/fausse-polemique-sur-les-millions-que-couterait-le-portrait-du-president-macron-aux-mairies_5163404_4355770.html
105,Brigitte Macron est-elle née en 1943 et pas en 1953 selon Wikileaks ? ,FAUX,"Il s'agit d'un canular du site Secret News, repris au premier degré par des sites peu scrupuleux.",http://www.lemonde.fr/le-blog-du-decodex/article/2017/07/05/l-annuaire-des-fausses-informations-du-decodex_5156215_5095029.html#episode_brigitte-macron-est-elle-nee-en-1943-et-pas-en-1953-selon-wikileaks
106,Les vaccins envoyés en Afrique contiennent-ils des agents anti-fertilité ? ,FAUX,"Il s'agit d'une rumeur infondée, largement démentie par l'Unicef et l'OMS.",http://www.lemonde.fr/les-decodeurs/article/2017/07/25/non-les-vaccins-envoyes-en-afrique-ne-visent-pas-a-steriliser-les-jeunes-femmes_5164768_4355770.html
107,"Les vaccins contiennent-ils « du porc, du chien et du fœtus humain » ?",FAUX," Des cellules vivantes sont utilisées pour cultiver les virus ciblés par certains vaccins, mais sont absentes de la composition finale des vaccins. Seuls les stablilisants utilisés dans quelques rares vaccins (un seul à destination des enfants, avec une alternative) peuvent contenir des matières premières d'origine animale.",http://www.lemonde.fr/les-decodeurs/article/2017/07/24/les-vaccins-contiennent-ils-du-porc-du-chien-et-du-f-tus-humain_5164373_4355770.html
108,L’allaitement peut-il remplacer les vaccins chez les nouveau-nés ?,FAUX,L'allaitement est loin de protéger contre toutes les maladies visées par les vaccins.,http://www.lemonde.fr/les-decodeurs/article/2017/07/26/l-allaitement-peut-il-remplacer-les-vaccins-chez-les-nouveau-nes_5165052_4355770.html
109,Le gouvernement veut-il supprimer la prime de Noël ? ,FAUX,"Il s'agit d'un canular du site actualitesdujour.fr, à ne pas prendre au sérieux. Le gouvernement n'a pas annoncé une telle mesure.",http://www.lemonde.fr/le-blog-du-decodex/article/2017/07/05/l-annuaire-des-fausses-informations-du-decodex_5156215_5095029.html#episode_le-gouvernement-veut-il-supprimer-la-prime-de-noel
110,Ces photos montrent-elles des djihadistes qui tentent de fuir Mossoul déguisés en femmes ?,FAUX,"Comme l'ont montré Les Observateurs de France 24, il s'agit en réalité de clichés anciens qui ne peuvent donc pas montrer des djihadistes fuyant Mossoul. Il est en revanche déjà arrivé que cette technique soit utilisée par des djihadistes, notamment lors de la bataille de Falloujah en 2016.",http://www.lemonde.fr/le-blog-du-decodex/article/2017/07/05/l-annuaire-des-fausses-informations-du-decodex_5156215_5095029.html#episode_ces-photos-montrent-elles-des-djihadistes-qui-tentent-de-fuir-mossoul-deguises-en-femmes
111,Des migrants ont-ils été retrouvés congelés dans un restaurant chinois à Paris ? ,FAUX,"Il s'agit d'un canular du site parodique belge Nordpresse, repris au premier degré par des sites peu scrupuleux. Les images d'illustration sont fausses également. Elles sont tirées d'une campagne publicitaire pour le jeu Resident Evil à Londres en 2012. ",http://www.lemonde.fr/le-blog-du-decodex/article/2017/07/05/l-annuaire-des-fausses-informations-du-decodex_5156215_5095029.html#episode_des-migrants-ont-ils-ete-retrouves-congeles-dans-un-restaurant-chinois-a-paris
112,Bill Gates a-t-il déclaré que les vaccins sont la meilleure solution pour faire baisser la population ? ,FAUX,"Interrogé en 2011 sur CNN, Bill Gates a indiqué espérer que le développement des programmes de vaccination dans le monde aboutisse à une réduction de moitié de la mortalité infantile. Selon lui, un tel progrès devrait engendrer, à terme, une baisse des naissances, et donc une baisse de l'accroissement de la population. Ceci non pas parce que les vaccins tueraient ou rendraient stériles, mais parce qu'à son sens, une baisse de la mortalité infantile conduira les parents à concevoir moins d'enfants. Par ailleurs, Bill Gates s'est dit à plusieurs reprises opposé à toute forme de contrôle des naissances.",http://www.lemonde.fr/le-blog-du-decodex/article/2017/07/05/l-annuaire-des-fausses-informations-du-decodex_5156215_5095029.html#episode_bill-gates-a-t-il-declare-que-les-vaccins-sont-la-meilleure-solution-pour-faire-baisser-la-population
113,Les pommes d'aujourd'hui contiennent-elles cent fois moins de vitamine C que celles des années 1950 ?,FAUX,"La comparaison qui arrive à cette conclusion est complètement erronée pour plusieurs raisons liées à sa méthodologie. Il est en revanche avéré que nos aliments contiennent, d'une manière générale, plutôt moins de nutriments qu'auparavant, mais dans des proportions bien moins spectaculaires.",http://www.lemonde.fr/les-decodeurs/article/2016/10/12/qualite-nutritive-des-aliments-des-inquietudes-et-des-exagerations_5012617_4355770.html
114,Multiplier les vaccins nuit-il à l’immunité des enfants ?,FAUX,"Les vaccins protègent contre les maladies qu’ils ciblent et ils ne fragilisent pas les défenses immunitaires, comme l'ont montré les études scientifiques indépendantes sur la question.",http://www.lemonde.fr/les-decodeurs/article/2017/07/27/multiplier-les-vaccins-nuit-il-a-l-immunite-des-enfants_5165765_4355770.html
115,Un navire viking a-t-il été découvert près du Mississippi ? ,FAUX,Il s'agit d'un canular du site satirique américain worldnewsdailyreport.com.,http://www.lemonde.fr/les-decodeurs/article/2017/07/28/un-navire-viking-retrouve-pres-du-mississippi-michel-onfray-berne-par-un-site-satirique_5166168_4355770.html
116,Un Chinois a-t-il été « investé par les vers » après avoir mangé des sushis ?,FAUX,"Il s'agit en réalité d'une fausse information relayée par de nombreux sites peu scrupuleux. Les images radios qui ont circulé en ligne sont authentiques, mais elle montrait un patient atteint d'une infection après avoir mangé du porc. Les points blancs qu'on voit à l'image montrent en réalité des kystes calcifiés et pas des ténias (bien présents dans le corps du patient, mais invisibles à l'image).",http://www.lemonde.fr/le-blog-du-decodex/article/2017/07/05/l-annuaire-des-fausses-informations-du-decodex_5156215_5095029.html#episode_un-chinois-a-t-il-ete-investe-par-les-vers-apres-avoir-mange-des-sushis
117,Un retraité français a-t-il moins de droits garantis qu'un migrant ? ,FAUX,"L'Allocation de solidarité aux personnes âgées garantit (sous conditions de ressources) un revenu minimum de 800 euros par mois pour une personne seule sans revenus. Parmis les migrants, seuls les demandeurs d'asile ont droit à une aide d'environ 300 euros par mois, qui est donc bien inférieure au montant garanti à tous les Français.",http://www.lemonde.fr/les-decodeurs/article/2016/11/07/les-intox-du-fn-sur-les-privileges-des-migrants-face-aux-francais_5026857_4355770.html
118,Une étude a-t-elle prouvé que les mesures démontrant le réchauffement climatique sont manipulées ? ,FAUX,"L'étude qui prétend remettre en cause les conclusions des spécialistes du climat comporte de nombreux biais, comme le détaillent plusieurs spécialistes sur le site Climate Feedback. Il est notamment faux d'affirmer que le réchauffement climatique n'aurait été mis en évidence que grâce à un ajustement des données.",https://climatefeedback.org/evaluation/breitbart-article-falsely-claims-measured-global-warming-fabricated-james-delingpole/
119,Les sans-papiers ont-ils des « privilèges » en matière de protection santé comme le fait d'avoir accès à des cures thermales gratuites ? ,FAUX,"Cette rumeur, qui a circulé par mail et sur les réseaux sociaux, comporte de nombreuses fausses affirmations. Elle confond notamment la CMU et l'aide médicale d'Etat, deux dispositifs différents adressés à des publics différents. Surtout, elle affirme à tort que l'aide médicale d'Etat rembourserait des soins de « luxe » comme les cures thermales, ce qui est complètement mensonger.",http://www.lemonde.fr/les-decodeurs/article/2017/08/30/les-mensonges-d-un-message-qui-denonce-le-cout-des-soins-accordes-aux-sans-papiers_5178644_4355770.html
120,Samy Naceri est-il mort en août 2017 ?,FAUX,"Il s'agit d'une rumeur sans fondement, relayée par des sites peu scrupuleux fin août 2017.",http://www.lemonde.fr/le-blog-du-decodex/article/2017/07/05/l-annuaire-des-fausses-informations-du-decodex_5156215_5095029.html#episode_sami-naceri-est-il-mort-en-août-2017
121,Y a-t-il eu des évasions de détenus de la prison de Pointe-Blanche à Saint-Martin après le passage de l'ouragan Irma ?,FAUX,"Un pan du mur extérieur de la prison s'est effondré, mais le mur intérieur a tenu bon et aucun détenu ne s'est évadé, selon les autorités. Situation à ne pas confondre avec une réelle évasion aux Iles vierges britanniques, qui n'ont rien à voir avec Saint-Martin.",http://www.lemonde.fr/les-decodeurs/article/2017/09/11/irma-attention-aux-rumeurs-sur-la-situation-a-saint-martin_5184022_4355770.html#huit-anchor-pas-d-evasion-de-det
122,Le côté hollandais de l'île de Saint-Martin a-t-il été préservé des émeutes et pillages après le passage de l'ouragan Irma ? ,FAUX,"Il y a bien eu des pillages et autres troubles à l’ordre public du côté néerlandais de Saint-Martin, de l’aveu même des autorités locales et du premier ministre, Mark Rutte.",http://www.lemonde.fr/les-decodeurs/article/2017/09/11/irma-attention-aux-rumeurs-sur-la-situation-a-saint-martin_5184022_4355770.html#huit-anchor-gilbert-collard-ment
123,La sous-préfète de Saint-Martin s'est-elle enfuie après le passage de l'ouragan Irma ? ,FAUX,"Anne Laubiès était présente à Saint-Martin avant et pendant le passage d’Irma, le mercredi 6 septembre. La représentante de l’Etat a ensuite été mobilisée dans la gestion de la crise au jour le jour, l'envoyé spécial du Monde l'ayant notamment lui-même vue sur place le vendredi, le samedi et le dimanche.",http://www.lemonde.fr/les-decodeurs/article/2017/09/11/irma-attention-aux-rumeurs-sur-la-situation-a-saint-martin_5184022_4355770.html#huit-anchor-la-sous-prefete-de-s
124,Y a-t-il eu des centaines voire « plus d’un millier » de morts cachées à Saint-Martin à cause de l’ouragan Irma ? ,FAUX,"Le bilan provisoire de la catastrophe faisait état, au 13 septembre, d'au moins une douzaine de morts. Aucun élément connu n'accrédite les allégations selon lesquelles des centaines de morts voire plus auraient été cachés.",http://www.lemonde.fr/les-decodeurs/article/2017/09/13/on-nous-cache-des-morts-aux-racines-des-rumeurs-sur-l-ouragan-irma_5185138_4355770.html
125,La compagnie Air France a-t-elle quadruplé le prix de ses billets davion avant l'arrivée d'Irma à Saint-Martin ?,FAUX,"Contrairement à ce que certaines rumeurs ont tenté de faire croire, la compagnie n'a pas utilisé l'ouragan pour augmenter ses profits.",http://www.lemonde.fr/les-decodeurs/article/2017/09/11/irma-attention-aux-rumeurs-sur-la-situation-a-saint-martin_5184022_4355770.html
126,L'ouragan Irma va-t-il frapper de nouveau la France le 16 septembre ? ,FAUX,Attention à cette rumeur lancée par un site peu scrupuleux qui diffuse régulièrement de fausses informations et demande à ses lecteurs de partager des articles sur Facebook avant de pouvoir les lire.,http://www.lemonde.fr/le-blog-du-decodex/article/2017/07/05/l-annuaire-des-fausses-informations-du-decodex_5156215_5095029.html#episode_louragan-irma-va-t-il-frapper-de-nouveau-la-france-le-16-septembre
127,Le scientifique américain Michio Kaku a-t-il affirmé que « l'ouragan Irma a été créé par l'arme manipulatrice du climat HAARP » ?,FAUX,"Contrairement à ce qu'on peut lire sur certains sites peu fiables, ce scientifique n'a jamais évoqué une prétendue fabrication de l'ouragan Irma par une arme climatique. Michio Kaku a dit par la suite que les gros titres sur Irma mentionnant son nom étaient « 100 % faux ».",http://www.lemonde.fr/le-blog-du-decodex/article/2017/07/05/l-annuaire-des-fausses-informations-du-decodex_5156215_5095029.html#episode_le-scientifique-americain-michio-kaku-a-t-il-affirme-que-louragan-irma-a-ete-cree-par-larme-manipulatrice-du-climat-haarp
128,Un migrant a-t-il plus de droits en matière de logement qu'un Français ? ,FAUX,"Contrairement à ce qu'affirme l'article, les Français ne sont pas privés d'aides en matière de logement et les migrants sont loin d'en bénéficier automatiquement.",http://www.lemonde.fr/les-decodeurs/article/2016/11/07/les-intox-du-fn-sur-les-privileges-des-migrants-face-aux-francais_5026857_4355770.html
129,Des pédophiles remplaceront-ils les animaux lors d'essais cliniques aux USA ? ,FAUX,"Attention, il s'agit d'un canular lancé par le site satirique Secret News.",http://www.lemonde.fr/le-blog-du-decodex/article/2017/07/05/l-annuaire-des-fausses-informations-du-decodex_5156215_5095029.html#episode_des-pedophiles-remplaceront-ils-les-animaux-lors-dessais-cliniques-aux-usa
130,Ces images montrent-elles des violences policières en Catalogne le 1er octobre 2017 ? ,FAUX,Il s'agit d'une image manipulée.,http://www.lemonde.fr/les-decodeurs/article/2017/10/02/violences-policieres-en-catalogne-attention-aux-images-trompeuses_5194905_4355770.html
131,"Le tireur responsable de la fusillade de Las Vegas le 1er octobre 2017 est-il Geary Danley, un militant de gauche anti-Trump ? ",FAUX,Le nom du tireur est Stephen Paddock. Le nom de Geary Danley a été jeté en pâture par des internautes scrupuleux sans preuve.,http://www.lemonde.fr/les-decodeurs/article/2017/10/02/las-vegas-comment-l-alt-right-a-jete-en-pature-le-nom-d-un-homme-qui-n-etait-pas-le-tireur_5195040_4355770.html
132,L'Etat veut-il « promouvoir la pédophilie à l'école » ?,FAUX,"Sous couvert de critiquer les programmes d'éducation sexuelle, un pédopsychiatre accuse sans fondement ceux qui les ont élaborés de vouloir favoriser la pédophilie. Le site onsexprime.fr, notamment, pose au contraire très clairement un cadre face aux différents abus sexuels dont un mineur pourrait être victime.",http://www.lemonde.fr/le-blog-du-decodex/article/2017/07/05/l-annuaire-des-fausses-informations-du-decodex_5156215_5095029.html#episode_letat-veut-il-promouvoir-la-pedophilie-a-lecole
133,Y avait-il un « deuxième tireur » au 4e étage de l’hôtel Mandalay Bay lors de la fusillade de Las Vegas ? ,FAUX,"Seules deux fenêtres de l'hôtel ont été brisées et ont donc pu permettre de tirer depuis une chambre : celles de la suite du 32e étage où Stephen Paddock a été retrouvé mort. Par ailleurs, les flashs pris pour des détonations ont été observés au même endroit avant et après la fusillade.",http://www.lemonde.fr/les-decodeurs/article/2017/10/05/fusillade-a-las-vegas-non-il-n-y-avait-pas-de-deuxieme-tireur-au-4e-etage-de-l-hotel_5196759_4355770.html
134,Nicolas Sarkozy est-il mort le 5 octobre 2017 ? ,FAUX,Il s'agit d'une rumeur erronée lancée par un site peu scrupuleux.,http://www.lemonde.fr/verification/source/realy-news-one/
135,"Jean-Luc Mélenchon a-t-il un patrimoine de 2,5 millions d'euros révélé par le Canard enchaîné ? ",FAUX,"Le prétendu article du Canard Enchaîné censé relayer cette information n'existe pas. Par ailleurs, Jean-Luc Mélenchon a dû déclarer son patrimoine lors de la présidentielle 2017. On y trouve des biens d'une valeur totale d'environ un million d'euros,  sans présence d'un prétendu appartement de 218 m² à Paris.",http://www.lemonde.fr/le-blog-du-decodex/article/2017/07/05/l-annuaire-des-fausses-informations-du-decodex_5156215_5095029.html#episode_jean-luc-melenchon-a-t-il-un-patrimoine-de-25-millions-deuros-revele-par-le-canard-enchaine
136,Une femme a-t-elle « développé un QI de 220 après avoir bu du sperme tous les jours pendant un an » ? ,FAUX,"Il s'agit d'un canular inventé par le site satirique américain worldnewsdailyreport.com, repris par la suite au premier par de nombreux sites francophones peu scrupuleux.",http://www.lemonde.fr/le-blog-du-decodex/article/2017/07/05/l-annuaire-des-fausses-informations-du-decodex_5156215_5095029.html#episode_une-femme-a-t-elle-developpe-un-qi-de-220-apres-avoir-bu-du-sperme-tous-les-jours-pendant-un-an
137,"Jesus Compos est-il le « deuxième tireur » de la fusillade de Las Vegas, arrêté par la police ? ",FAUX,Cette fausse information a été diffusée par un site usurpant le nom et le logo du réseau de télévision américain CNN. Aucune information issue de l’enquête n’est venue pour l’heure incriminer un potentiel deuxième tireur qui aurait œuvré aux côtés de Stephen Paddock.,http://www.lemonde.fr/les-decodeurs/article/2017/10/13/fusillade-de-las-vegas-un-faux-cnn-diffuse-des-intox-sur-un-pretendu-deuxieme-tireur_5200315_4355770.html
138,L'Union européenne veut-elle supprimer les allocations chômage pour les personnes en surpoids ?,FAUX,"Il s'agit d'un canular du site belge Nordpresse, repris ensuite au premier degré par des sites peu scrupuleux.",http://www.lemonde.fr/le-blog-du-decodex/article/2017/07/05/l-annuaire-des-fausses-informations-du-decodex_5156215_5095029.html#episode_lunion-europeenne-veut-elle-supprimer-les-allocations-chomage-pour-les-personnes-en-surpoids
139,Brad Pitt a-t-il affirmé que « l'élite pédophile d'Hollywood contrôle l'Amérique » ? ,FAUX,"Il s'agit d'une citation inventée par Neon Nettle, un site américain qui diffuse régulièrement de fausses informations. Brad Pitt n'a jamais prononcé les phrases qui lui sont imputées sur la pédophilie à Hollywood.",http://www.lemonde.fr/le-blog-du-decodex/article/2017/07/05/l-annuaire-des-fausses-informations-du-decodex_5156215_5095029.html#episode_brad-pitt-a-t-il-affirme-que-lelite-pedophile-dhollywood-controle-lamerique
140,Un sous-préfet a-t-il demandé à remplacer le porc par de l'agneau dans le pâté lorrain ? ,FAUX,"Imed Bentaleb, sous-préfet de Meurthe-et-Moselle, a dès 2016 dénoncé ces mensonges, se disant « consterné ». L'affaire a ensuite été portée en justice et un internaute qui avait relayé la rumeur sur sa page Facebook a été condamné en mars 2017 pour « diffamation » et « provocation à la haine raciale ».",http://www.lemonde.fr/le-blog-du-decodex/article/2017/07/05/l-annuaire-des-fausses-informations-du-decodex_5156215_5095029.html#episode_un-sous-prefet-a-t-il-demande-a-remplacer-le-porc-par-de-lagneau-dans-le-pate-lorrain
141,Une employée de morgue a-t-elle été « arrêtée après avoir donné naissance au bébé d’un homme mort » ? ,FAUX,"Il s'agit en réalité d'un canular d'un site satirique américain, repris au premier degré par des sites peu scrupuleux.",http://www.lemonde.fr/le-blog-du-decodex/article/2017/07/05/l-annuaire-des-fausses-informations-du-decodex_5156215_5095029.html#episode_une-employee-de-morgue-a-t-elle-ete-arretee-apres-avoir-donnee-naissance-au-bebe-dun-homme-mort
142,A-t-on retrouvé des plants de cannabis au manoir de Jean-Marie Le Pen à Montretout ? ,FAUX,Il s'agit en réalité d'un canular du site SecretNews.fr. Les affirmations contenues dans les articles qui relaient cette rumeur sont donc complètement imaginaires.,http://www.lemonde.fr/le-blog-du-decodex/article/2017/07/05/l-annuaire-des-fausses-informations-du-decodex_5156215_5095029.html#episode_a-t-on-retrouve-des-plants-de-cannabis-au-manoir-de-jean-marie-le-pen-a-montretout
143,Le gouvernement veut-il faire payer aux priopriétaires une partie de terrain dont-il veut les exproprier ? ,FAUX,"Une telle mesure a bien été proposée par France stratégie, un organisme de réflexion économique qui dépend de Matignon. Mais il n'a jamais été question pour le gouvernement de la mettre en application. Au contraire, l'entourage du premier ministre Edouard Philippe a qualifié l'idée de farfelue et irréaliste. ",http://www.lemonde.fr/les-decodeurs/article/2017/10/20/non-le-gouvernement-ne-va-pas-remettre-en-cause-le-droit-de-propriete_5203896_4355770.html
144,La Serbie est-elle devenue un point chaud de la prostitution zoophile ? ,FAUX,"Une association de défense du droit des animaux serbe affirme, sans en donner la preuve, avoir des informations sur un établissement de prostitution zoophile. L'image d'un chien en collants qui accompagne certains articles relayant cette rumeur est quant à elle sortie de son contexte : elle ne montre pas un établissement de prostitution d'animaux mais une blague douteuse qui circule sur les réseaux sociaux depuis au moins plusieurs mois. ",http://www.lemonde.fr/les-decodeurs/article/2017/10/23/scandale-zoophile-en-serbie-aucune-preuve-formelle-derriere-les-gros-titres_5204873_4355770.html
145,Un verre de vin rouge peut-il remplacer une heure de sport intensif ? ,FAUX,"Des gros titres mensongers déforment profondément le sens d'une réelle étude canadienne de 2012. Celle-ci ne dit pas qu'un verre de vin remplace le sport, mais qu'une substance qu'on retrouve dans le vin (mais pas que) peut aider à améliorer les performances si on fait beaucoup d'activités physiques. Et le vin n'en contient pas assez pour être efficace...",http://www.lemonde.fr/les-decodeurs/article/2016/01/26/non-un-verre-de-vin-rouge-n-equivaut-pas-a-une-heure-de-sport_4853949_4355770.html
146,Le patron de Facebook Mark Zuckerberg a-t-il déclaré : « Les Arabes sont le seul peuple qui me fait regretter d’avoir créé Facebook ! » ?,FAUX,"Mark Zuckerberg n'a en réalité jamais tenu ces propos, qui sont sortis de l'imagination du site parodique marocain AkhnaPress.com.",http://www.lemonde.fr/le-blog-du-decodex/article/2017/07/05/l-annuaire-des-fausses-informations-du-decodex_5156215_5095029.html#episode_le-patron-de-facebook-mark-zuckerberg-a-t-il-declare-les-arabes-sont-le-seul-peuple-qui-me-fait-regretter-davoir-cree-facebook
147,Les sanctions contre les parents qui refusent la vaccination vont-elles être alourdies ? ,CONTESTABLE,"La disposition précise qui s'appliquait jusqu'ici aux parents qui refusaient de vacciner leurs enfants va au contraire être supprimée. Il restera certes une autre voie possible pour poursuivre les parents, mais il s'agit d'une disposition déjà existante et qui nécessiterait des procédures beaucoup plus complexes. ",http://www.lemonde.fr/les-decodeurs/article/2017/10/31/refus-de-vaccination-les-sanctions-seront-elles-alourdies_5208215_4355770.html
148,La marque Ikea offre-t-elle des bons de réduction de 75 euros à l'occasion de ses 75 ans ? ,FAUX,"Les liens qui circulent par Facebook, WhatsApp ou ailleurs à ce sujet ne sont pas issus de la marque. Ils sont en réalité hébergés sur des sites dont l'adresse ressemble à celle d'Ikea, mais n'ont rien à voir avec l'entreprise. Inutile, donc, de répondre aux questions de ce prétendu jeu concours, qui vise simplement à récolter des données personnelles de manière frauduleuse.",http://www.lemonde.fr/le-blog-du-decodex/article/2017/07/05/l-annuaire-des-fausses-informations-du-decodex_5156215_5095029.html#episode_la-marque-ikea-offre-t-elle-des-bons-de-reduction-de-75-euros-a-loccasion-de-ses-75-ans
149,Un bateau a-t-il refait surface 90 ans après avoir disparu dans le triangle des Bermudes ? ,FAUX,"Il s'agit d'un canular du site worldnewsdailyreport.com, repris ensuite par des sites peu scrupuleux. Les autorités cubaines et américaines ont par ailleurs démentis, notamment auprès de l'Associated Press, qu'un tel navire aurait été retrouvé après avoir disparu il y a 90 ans.",http://www.lemonde.fr/le-blog-du-decodex/article/2017/07/05/l-annuaire-des-fausses-informations-du-decodex_5156215_5095029.html#episode_un-bateau-a-t-il-refait-surface-90-ans-apres-avoir-disparu-dans-le-triangle-des-bermudes
150,La Belgique va-t-elle créer un mur pour repousser les migrants venus de France ? ,FAUX,"Il s'agit d'un canular du site satirique legorafi.fr, repris au premier degré par des sites peu scrupuleux.",http://www.lemonde.fr/le-blog-du-decodex/article/2017/07/05/l-annuaire-des-fausses-informations-du-decodex_5156215_5095029.html#episode_la-belgique-va-t-elle-creer-un-mur-pour-repousser-les-migrants-venus-de-france
151,Une femme a-t-elle perdu « 90 kilos en un mois grâce au régime urinothérapique » ?,FAUX,"Il s'agit d'un canular du site parodique secretnews.fr, repris au premier degré par des sites scrupuleux.",http://www.lemonde.fr/le-blog-du-decodex/article/2017/07/05/l-annuaire-des-fausses-informations-du-decodex_5156215_5095029.html#episode_une-femme-a-t-elle-perdu-90-kilos-en-un-mois-grace-au-regime-urinotherapique
152,Une femme de 300 kilos a-t-elle donné naissance à un bébé de 20 kilos ? ,FAUX,"Il s'agit d'un canular du site parodique worldnewsdailyreport.com, repris ensuite au premier degré par de nombreux sites peu scrupuleux des faits.",http://www.lemonde.fr/le-blog-du-decodex/article/2017/07/05/l-annuaire-des-fausses-informations-du-decodex_5156215_5095029.html#episode_une-femme-de-300-kilos-a-t-elle-donne-naissance-a-un-bebe-de-20-kilos
153,A-t-on retrouvé un homme coincé sur une île déserte depuis 9 ans grâce à Google Earth ? ,FAUX,Il s'agit d'une fausse information fabriquée par des sites peu scrupuleux.,http://www.lemonde.fr/le-blog-du-decodex/article/2017/07/05/l-annuaire-des-fausses-informations-du-decodex_5156215_5095029.html#episode_a-t-on-retrouve-un-homme-coince-sur-une-ile-deserte-depuis-9-ans-grace-a-google-earth
154,Faudra-t-il désormais passer une visite médicale tous les cinq ans pour garder son permis de conduire ? ,FAUX,Un texte abondamment partagé sur Internet affirme que le nouveau permis de conduire ne dure que quinze ans et qu’une visite médicale est obligatoire tous les cinq ans. Tout est faux.,http://www.lemonde.fr/les-decodeurs/article/2017/11/08/duree-limitee-visite-medicale-obligatoire-intox-autour-du-permis-de-conduire_5212031_4355770.html
155,L'Etat prive-t-il les Français de « 82 % de leur salaire » ?,FAUX,"Ce calcul, qui circule depuis plusieurs années, est faussé par plusieurs erreurs et approximations. Par ailleurs, le raisonnement derrière ce calcul est en lui-même biaisé : il occulte en effet le fait que les prélèvements financent des droits et des services publics, et ne peuvent donc se résumer à de simples  « charges ».   ",http://www.lemonde.fr/les-decodeurs/article/2017/11/10/non-l-etat-ne-prive-pas-les-francais-de-82-de-leur-salaire_5213202_4355770.html
156,Les candidats au bac en 2017 ont-ils planché sur un texte de Booba ? ,FAUX,Il s'agit d'un canular diffusé par plusieurs sites internet et qui a piégé quelques internautes... et même le journal de M6 en novembre 2017.,http://www.lemonde.fr/les-decodeurs/article/2017/11/10/non-un-texte-de-booba-n-a-pas-figure-au-bac-de-francais_5213296_4355770.html
157,Sera-t-il interdit de circuler dans des voitures d'avant 1997 à partir du 1er janvier 2018 ?,FAUX,"Il s'agit d'un canular du site actualite.co, qui n'a pas vocation à être pris au sérieux.",www.lemonde.fr/le-blog-du-decodex/article/2017/07/05/l-annuaire-des-fausses-informations-du-decodex_5156215_5095029.html#episode_sera-t-il-interdit-de-circuler-en-france-dans-des-voitures-davant-1997-a-partir-du-1er-janvier-2018
